SPR,NAME,FACULTY-SCHOOL abbreviated ,"FACULTY, School (fullname)",allocate to Faculty,Also,Preferably,Then,Then,Then,Then,But never,But never,But never,But never,,,,,,,,,,,,,Course Name
11114001,Cael Reilly,AHS-BU,"AHSS, Business",AHSS,,Economic and Social Studies,,,,,,,,,,,,,,,,,,,,,Business Studies and French
11114054,Susan Pittman,AHS-BU,"AHSS, Business",AHSS,,Economic and Social Studies,Global Business,,,,,,,,,,,,,,,,,,,,Business Studies and German
11114055,Salma Weeks,AHS-BU,"AHSS, Business",AHSS,,Economic and Social Studies,Global Business,,,,,,,,,,,,,,,,,,,,Business Studies and Polish
11114064,Micheal Cabrera,AHS-BU,"AHSS, Business",AHSS,,Economic and Social Studies,Global Business,,,,,,,,,,,,,,,,,,,,Business Studies and Russian
11114065,Susan Lee,AHS-BU,"AHSS, Business",AHSS,,Economic and Social Studies,Global Business,,,,,,,,,,,,,,,,,,,,Business Studies and Spanish
11114066,Kayley Riley,AHS-BU,"AHSS, Business",AHSS,,Economic and Social Studies,Global Business,,,,,,,,,,,,,,,,,,,,Economic and Social Studies
11114067,Alvaro Orr,AHS-BU,"AHSS, Business",AHSS,,Economic and Social Studies,Global Business,,,,,,,,,,,,,,,,,,,,Global Business
11114068,Kyan Dawson,AHS-BU,"AHSS, Business",AHSS,,Economic and Social Studies,Global Business,,,,,,,,,,,,,,,,,,,,Management Science and Information Systems Studies
11114069,Nelson Carr,AHS-BU,"AHSS, Business",AHSS,,Economic and Social Studies,Global Business,,,,,,,,,,,,,,,,,,,,Dental Science
11114070,Rayna Maldonado,AHS-BU,"AHSS, Business",AHSS,,Economic and Social Studies,Global Business,,,,,,,,,,,,,,,,,,,,Dental Technology
11114071,Kiara Strong,AHS-BU,"AHSS, Business",AHSS,,Economic and Social Studies,Global Business,,,,,,,,,,,,,,,,,,,,Acting
11114072,Alice Herman,AHS-BU,"AHSS, Business",AHSS,,Economic and Social Studies,Global Business,,,,,,,,,,,,,,,,,,,,Drama and Theatre Studies
11114073,Kelton Ritter,AHS-BU,"AHSS, Business",AHSS,,Economic and Social Studies,Global Business,,,,,,,,,,,,,,,,,,,,Film
11114074,Waylon Skinner,AHS-BU,"AHSS, Business",AHSS,,Economic and Social Studies,Global Business,Business Studies and Polish,,,,,,,,,,,,,,,,,,,Music (RIAM)
11114075,Ruth Edwards,AHS-BU,"AHSS, Business",AHSS,,Economic and Social Studies,Global Business,,,,,,,,,,,,,,,,,,,,Music
11114076,Douglas Robinson,AHS-BU,"AHSS, Business",AHSS,,Economic and Social Studies,Global Business,,,,,,,,,,,,,,,,,,,,Stage Management and Technical Theatre
11114077,Bridger Mann,AHS-BU,"AHSS, Business",AHSS,,Economic and Social Studies,Global Business,,,,,,,,,,,,,,,,,,,,Music Education
11114002,Isla Bender,AHS-DM,"AHSS, Creative Arts (Drama, Film and Music)",AHSS,,,,,,,,,,,,,,,,,,,,,,,English Studies
11114078,Camryn Lester,AHS-DM,"AHSS, Creative Arts (Drama, Film and Music)",AHSS,,,,,,,,,,,,,,,,,,,,,,,Theoretical Physics
11114079,Harper Anderson,AHS-DM,"AHSS, Creative Arts (Drama, Film and Music)",AHSS,,,,,,,,,,,,,,,,,,,,,,,European Studies
11114080,Jamari Bowman,AHS-DM,"AHSS, Creative Arts (Drama, Film and Music)",AHSS,,,,,,,,,,,,,,,,,,,,,,,Ancient and Medieval History and Culture
11114081,Gabrielle Brennan,AHS-DM,"AHSS, Creative Arts (Drama, Film and Music)",AHSS,,,,,,,,,,,,,,,,,,,,,,,"Classics, Ancient History and Archaeology"
11114082,Bradley Ferguson,AHS-DM,"AHSS, Creative Arts (Drama, Film and Music)",AHSS,,,,,,,,,,,,,,,,,,,,,,,History of Art and Architecture
11114003,Mya Ochoa,AHS-ED,"AHSS, Education",AHSS,,,,,,,,,,,,,,,,,,,,,,,History
11114056,Jonathan Melendez,AHS-ED,"AHSS, Education",AHSS,,,,,,,,,,,,,,,,,,,,,,,Ancient History and Archaeology and Modern Language
11114083,Julius Morrow,AHS-ED,"AHSS, Education",AHSS,,,,,,,,,,,,,,,,,,,,,,,Ancient History and Archaeology and Geography
11114084,Eve Andrade,AHS-ED,"AHSS, Education",AHSS,,,,,,,,,,,,,,,,,,,,,,,Ancient History and Archaeology and History of Art
11114085,Ezekiel Stanley,AHS-ED,"AHSS, Education",AHSS,,,,,,,,,,,,,,,,,,,,,,,Ancient History and Archaeology and History
11114086,Agustin Patrick,AHS-ED,"AHSS, Education",AHSS,,,,,,,,,,,,,,,,,,,,,,,Ancient History and Archaeology and Religion
11114087,Ann Eaton,AHS-ED,"AHSS, Education",AHSS,,,,,,,,,,,,,,,,,,,,,,,Classical Civilisation and English Studies
11114004,Draven Mcgrath,AHS-EN,"AHSS, English",AHSS,,,,,,,,,,,,,,,,,,,,,,,Classical Civilisation and Modern Language
11114005,Nikhil Carrillo,AHS-EN,"AHSS, English",AHSS,,,,,,,,,,,,,,,,,,,,,,,Classical Civilisation and History of Art and Arch
11114006,Bruno Stone,AHS-EN,"AHSS, English",AHSS,,,,,,,,,,,,,,,,,,,,,,,Classical Civilisation and Philosophy
11114007,Steve Beard,AHS-EN,"AHSS, English",AHSS,,,,,,,,,,,,,,,,,,,,,,,Computer Science and Business
11114088,Kaylah Mosley,AHS-EN,"AHSS, English",AHSS,,,,,,,,,,,,,,,,,,,,,,,Computer Science and Geography
11114089,William Kerr,AHS-EN,"AHSS, English",AHSS,,,,,,,,,,,,,,,,,,,,,,,Computer Science and Linguistics
11114090,Xander Goodman,AHS-EN,"AHSS, English",AHSS,,,,,,,,,,,,,,,,,,,,,,,Drama Studies and Film Studies
11114091,Rosa Jordan,AHS-EN,"AHSS, English",AHSS,,,,,,,,,,,,,,,,,,,,,,,Drama Studies and Modern Language
11114092,Taniyah Haney,AHS-EN,"AHSS, English",AHSS,,,,,,,,,,,,,,,,,,,,,,,Drama Studies and History of Art & Architecture
11114093,Geovanni Dickerson,AHS-EN,"AHSS, English",AHSS,,,,,,,,,,,,,,,,,,,,,,,Economics and Computer Science
11114008,August Grimes,AHS-HH,"AHSS, Histories and Humanities",AHSS,,,,,,,,,,,,,,,,,,,,,,,Economics and Geography
11114009,London Holden,AHS-HH,"AHSS, Histories and Humanities",AHSS,,,,,,,,,,,,,,,,,,,,,,,Economics and History
11114014,Kendrick Ponce,AHS-HH,"AHSS, Histories and Humanities",AHSS,,,,,,,,,,,,,,,,,,,,,,,Economics and Mathematics
11114052,Demarcus Nichols,AHS-HH,"AHSS, Histories and Humanities",AHSS,,,,,,,,,,,,,,,,,,,,,,,Economics and Philosophy
11114094,Harley Proctor,AHS-HH,"AHSS, Histories and Humanities",AHSS,,,,,,,,,,,,,,,,,,,,,,,Economics and Modern Language
11114095,Maurice Mosley,AHS-HH,"AHSS, Histories and Humanities",AHSS,,,,,,,,,,,,,,,,,,,,,,,Economics and Social Policy
11114096,Rihanna Huynh,AHS-HH,"AHSS, Histories and Humanities",AHSS,,,,,,,,,,,,,,,,,,,,,,,English Studies and Drama Studies
11114097,Renee Moran,AHS-HH,"AHSS, Histories and Humanities",AHSS,,,,,,,,,,,,,,,,,,,,,,,English Studies and Modern Language
11114098,Dayami House,AHS-HH,"AHSS, Histories and Humanities",AHSS,,,,,,,,,,,,,,,,,,,,,,,English Studies and History of Art and Architec
11114099,Sidney Wall,AHS-HH,"AHSS, Histories and Humanities",AHSS,,,,,,,,,,,,,,,,,,,,,,,English Studies and History
11114011,Leslie Dominguez,AHS-LL,"AHSS, Languages, Literatures and Cultural Studies",AHSS,,,,,,,,,,,,,,,,,,,,,,,English Studies and Philosophy
11114140,Levi Paul,AHS-LL,"AHSS, Languages, Literatures and Cultural Studies",AHSS,,,,,,,,,,,,,,,,,,,,,,,English Studies and Sociology
11114141,Leo Koch,AHS-LL,"AHSS, Languages, Literatures and Cultural Studies",AHSS,,,,,,,,,,,,,,,,,,,,,,,Film Studies and English Studies
11114142,Hannah Morrow,AHS-LL,"AHSS, Languages, Literatures and Cultural Studies",AHSS,,,,,,,,,,,,,,,,,,,,,,,Film Studies and Modern Language
11114143,Declan Soto,AHS-LL,"AHSS, Languages, Literatures and Cultural Studies",AHSS,,,,,,,,,,,,,,,,,,,,,,,Film Studies and History
11114144,Travis Mckenzie,AHS-LL,"AHSS, Languages, Literatures and Cultural Studies",AHSS,,,,,,,,,,,,,,,,,,,,,,,Film Studies and Music
11114012,Taylor Torres,AHS-LW,"AHSS, Law",AHSS,,Law,Law and Business,Law and Political Science,Law and History,Law and German,,,,,,,,,,,,,,,,,French and Modern Language
11114145,August Beasley,AHS-LW,"AHSS, Law",AHSS,,Law,Law and Business,Law and Political Science,Law and History,Law and German,,,,,,,,,,,,,,,,,Modern Language and Social Policy
11114146,German Santos,AHS-LW,"AHSS, Law",AHSS,,Law,Law and Business,Law and Political Science,Law and History,Law and German,,,,,,,,,,,,,,,,,Classical Languages and Modern Language
11114147,Alisha Cummings,AHS-LW,"AHSS, Law",AHSS,,Law,Law and Business,Law and Political Science,Law and History,Law and German,,,,,,,,,,,,,,,,,Classical Languages and History of Art and Archite
11114148,Brooklyn Miles,AHS-LW,"AHSS, Law",AHSS,,Law,Law and Business,Law and History,Law and French,Law and German,,,,,,,,,,,,,,,,,Geography and Modern Language
11114149,Cornelius Esparza,AHS-LW,"AHSS, Law",AHSS,,Law,Law and Business,Law and History,Law and French,Law and German,,,,,,,,,,,,,,,,,Geography and Sociology
11114114,Finley Colon,AHS-LW,"AHSS, Law",AHSS,,Law,Law and Business,Law and History,Law and French,Law and German,,,,,,,,,,,,,,,,,German and Modern Language
11114111,Thaddeus Jacobson,AHS-LW,"AHSS, Law",AHSS,,Law,Law and Business,Law and Political Science,Law and French,Law and History,,,,,,,,,,,,,,,,,History of Art and Architecture and Modern Languag
11114112,Cordell Anderson,AHS-LW,"AHSS, Law",AHSS,,Law,Law and Business,Law and Political Science,Law and French,Law and History,,,,,,,,,,,,,,,,,History of Art and Architecture and Philosophy
11114113,Ayla Moyer,AHS-LW,"AHSS, Law",AHSS,,Law,Law and Business,Law and Political Science,Law and French,Law and History,,,,,,,,,,,,,,,,,History of Art and Architecture and Sociology
11114114,Courtney Bowman,AHS-LW,"AHSS, Law",AHSS,,Law,Law and Business,Law and Political Science,Law and French,Law and History,,,,,,,,,,,,,,,,,History and Modern Language
11114013,Madilynn May,AHS-LS,"AHSS, Linguistic, Speech and Communication Sciences",AHSS,,,,,,,,,,,,,,,,,,,,,,,History and History of Art and Architecture
11114014,Jessie Mullen,AHS-LS,"AHSS, Linguistic, Speech and Communication Sciences",AHSS,,,,,,,,,,,,,,,,,,,,,,,History and Philosophy
11114015,Tianna Swanson,AHS-LS,"AHSS, Linguistic, Speech and Communication Sciences",AHSS,,,,,,,,,,,,,,,,,,,,,,,History and Political Science
11114016,Elisabeth Santiago,AHS-LS,"AHSS, Linguistic, Speech and Communication Sciences",AHSS,,,,,,,,,,,,,,,,,,,,,,,Irish and Modern Language
11114115,Yoselin Guerrero,AHS-LS,"AHSS, Linguistic, Speech and Communication Sciences",AHSS,,,,,,,,,,,,,,,,,,,,,,,Italian and Modern Language
11114116,Jordan Thompson,AHS-LS,"AHSS, Linguistic, Speech and Communication Sciences",AHSS,,,,,,,,,,,,,,,,,,,,,,,Classical Languages and Linguistics
11114117,Jaydan Powell,AHS-LS,"AHSS, Linguistic, Speech and Communication Sciences",AHSS,,,,,,,,,,,,,,,,,,,,,,,Linguistics and Modern Language
11114017,Lawrence Christian,AHS-PS,"AHSS, Psychology",AHSS,,,,,,,,,,,,,,,,,,,,,,,Linguistics and Philosophy
11114018,Lucille Arellano,AHS-PS,"AHSS, Psychology",AHSS,,,,,,,,,,,,,,,,,,,,,,,Law and Business
11114019,Tamia Carpenter,AHS-PS,"AHSS, Psychology",AHSS,,,,,,,,,,,,,,,,,,,,,,,Law and History
11114020,Hugh Ward,AHS-PS,"AHSS, Psychology",AHSS,,,,,,,,,,,,,,,,,,,,,,,Law and Political Science
11114049,Deacon Murillo,AHS-PS,"AHSS, Psychology",AHSS,,,,,,,,,,,,,,,,,,,,,,,Mathematics and Music
11114118,Evelin Le,AHS-PS,"AHSS, Psychology",AHSS,,,,,,,,,,,,,,,,,,,,,,,Mathematics and Philosophy
11114119,Mallory Howard,AHS-PS,"AHSS, Psychology",AHSS,,,,,,,,,,,,,,,,,,,,,,,"Middle Eastern, Jewish Islamic Civilisations & AHA"
11114120,Isaiah Harmon,AHS-PS,"AHSS, Psychology",AHSS,,,,,,,,,,,,,,,,,,,,,,,"Middle Eastern, Jewish Islamic Civilisations & CC"
11114121,Luna Mata,AHS-PS,"AHSS, Psychology",AHSS,,,,,,,,,,,,,,,,,,,,,,,"Middle Eastern, Jewish Islamic Civilisations & RE"
11114122,Ariel Dickson,AHS-PS,"AHSS, Psychology",AHSS,,,,,,,,,,,,,,,,,,,,,,,Middle Eastern Jewish and Islamic Civilisations an
11114123,Felipe Mckinney,AHS-PS,"AHSS, Psychology",AHSS,,,,,,,,,,,,,,,,,,,,,,,Music and Drama Studies
11114053,Bronson Tyler,AHS-RE,"AHSS, Religion",AHSS,,,,,,,Religion,Religion and History of Art and Architecture,Religion and Modern Language,Religion and English Studies,Religion and Classical Civilisation,,,,,,,,,,,,Music and Modern Language
11114124,Chana Parks,AHS-RE,"AHSS, Religion",AHSS,,,,,,,Religion,Religion and History of Art and Architecture,Religion and Modern Language,Religion and English Studies,Religion and Classical Civilisation,,,,,,,,,,,,Philosophy and Modern Language
11114125,Charlie Alexander,AHS-RE,"AHSS, Religion",AHSS,,,,,,,Religion,Religion and History of Art and Architecture,Religion and Modern Language,Religion and English Studies,Religion and Classical Civilisation,,,,,,,,,,,,Philosophy and Sociology
11114126,Maribel Hudson,AHS-RE,"AHSS, Religion",AHSS,,,,,,,Religion,Religion and History of Art and Architecture,Religion and Modern Language,Religion and English Studies,Religion and Classical Civilisation,,,,,,,,,,,,Political Science and Geography
11114127,Eleanor Cabrera,AHS-RE,"AHSS, Religion",AHSS,,,,,,,Religion,Religion and History of Art and Architecture,Religion and Modern Language,Religion and English Studies,Religion and Classical Civilisation,,,,,,,,,,,,Political Science and Social Policy
11114128,Bryant Cruz,AHS-RE,"AHSS, Religion",AHSS,,,,,,,Religion,Religion and History of Art and Architecture,Religion and Modern Language,Religion and English Studies,Religion and Classical Civilisation,,,,,,,,,,,,Religion and Classical Civilisation
11114021,Dane Peck,AHS-SP,"AHSS, Social Sciences and Philosophy",AHSS,,,,,,,,,,,,,,,,,,,,,,,Religion and English Studies
11114022,Eileen Mccullough,AHS-SP,"AHSS, Social Sciences and Philosophy",AHSS,,,,,,,,,,,,,,,,,,,,,,,Religion and Modern Language
11114023,Ryder Aguilar,AHS-SP,"AHSS, Social Sciences and Philosophy",AHSS,,,,,,,,,,,,,,,,,,,,,,,Religion and History of Art and Architecture
11114024,Brooks Reese,AHS-SP,"AHSS, Social Sciences and Philosophy",AHSS,,,,,,,,,,,,,,,,,,,,,,,Russian and Modern Language
11114057,Magdalena Day,AHS-SP,"AHSS, Social Sciences and Philosophy",AHSS,,,,,,,,,,,,,,,,,,,,,,,Sociology and Modern Language
11114129,Harmony Mayo,AHS-SP,"AHSS, Social Sciences and Philosophy",AHSS,,,,,,,,,,,,,,,,,,,,,,,Sociology and Social Policy
11114130,Adrianna Shields,AHS-SP,"AHSS, Social Sciences and Philosophy",AHSS,,,,,,,,,,,,,,,,,,,,,,,Spanish and Modern Language
11114131,Sienna Moran,AHS-SP,"AHSS, Social Sciences and Philosophy",AHSS,,,,,,,,,,,,,,,,,,,,,,,Early and Modern Irish
11114132,Roy Vincent,AHS-SP,"AHSS, Social Sciences and Philosophy",AHSS,,,,,,,,,,,,,,,,,,,,,,,Middle Eastern and European Languages and Cultures
11114133,Cloe Paul,AHS-SP,"AHSS, Social Sciences and Philosophy",AHSS,,,,,,,,,,,,,,,,,,,,,,,Clinical Speech and Language Studies
11114134,Lexie Massey,AHS-SP,"AHSS, Social Sciences and Philosophy",AHSS,,,,,,,,,,,,,,,,,,,,,,,Deaf Studies
11114135,Callie Vaughn,AHS-SP,"AHSS, Social Sciences and Philosophy",AHSS,,,,,,,,,,,,,,,,,,,,,,,Law and French
11114136,Ryan Rodriguez,AHS-SP,"AHSS, Social Sciences and Philosophy",AHSS,,,,,,,,,,,,,,,,,,,,,,,Law and German
11114137,Nigel Brandt,AHS-SP,"AHSS, Social Sciences and Philosophy",AHSS,,,,,,,,,,,,,,,,,,,,,,,Law
11114138,Regan Colon,AHS-SP,"AHSS, Social Sciences and Philosophy",AHSS,,,,,,,,,,,,,,,,,,,,,,,Mathematics
11114139,Pierce Bishop,AHS-SP,"AHSS, Social Sciences and Philosophy",AHSS,,,,,,,,,,,,,,,,,,,,,,,Human Health and Disease
11114140,Ryann Murphy,AHS-SP,"AHSS, Social Sciences and Philosophy",AHSS,,,,,,,,,,,,,,,,,,,,,,,Human Nutrition and Dietetics (Joint Degree)
11114141,Lilliana Dyer,AHS-SP,"AHSS, Social Sciences and Philosophy",AHSS,,,,,,,,,,,,,,,,,,,,,,,Medicine
11114142,Jayden Lucero,AHS-SP,"AHSS, Social Sciences and Philosophy",AHSS,,,,,,,,,,,,,,,,,,,,,,,Occupational Therapy
11114143,Jaelynn Mccarty,AHS-SP,"AHSS, Social Sciences and Philosophy",AHSS,,,,,,,,,,,,,,,,,,,,,,,Physiotherapy
11114144,Serenity Lin,AHS-SP,"AHSS, Social Sciences and Philosophy",AHSS,,,,,,,,,,,,,,,,,,,,,,,Radiation Therapy
11114145,Solomon Abbott,AHS-SP,"AHSS, Social Sciences and Philosophy",AHSS,,,,,,,,,,,,,,,,,,,,,,,"Computer Science, Linguistics and a Language"
11114146,Anderson Ingram,AHS-SP,"AHSS, Social Sciences and Philosophy",AHSS,,,,,,,,,,,,,,,,,,,,,,,Midwifery
11114147,Brian Buchanan,AHS-SP,"AHSS, Social Sciences and Philosophy",AHSS,,,,,,,,,,,,,,,,,,,,,,,Children's and General Nursing
11114148,Ulises Mckay,AHS-SP,"AHSS, Social Sciences and Philosophy",AHSS,,,,,,,,,,,,,,,,,,,,,,,Nursing
11114149,Lena Clay,AHS-SP,"AHSS, Social Sciences and Philosophy",AHSS,,,,,,,,,,,,,,,,,,,,,,,Pharmacy
11114058,Justin Palmer,AHS-SW,"AHSS, Social Work and Social Policy",AHSS,,,,,,,Social Studies,,,,,,,,,,,,,,,,Psychology
11114150,Sabrina Jackson,AHS-SW,"AHSS, Social Work and Social Policy",AHSS,,,,,,,Social Studies,,,,,,,,,,,,,,,,Religion
11114151,Jane Yu,AHS-SW,"AHSS, Social Work and Social Policy",AHSS,,,,,,,Social Studies,,,,,,,,,,,,,,,,Biological and Biomedical Sciences
11114152,Marisol Deleon,AHS-SW,"AHSS, Social Work and Social Policy",AHSS,,,,,,,Social Studies,,,,,,,,,,,,,,,,Chemical Sciences
11114153,Cadence Case,AHS-SW,"AHSS, Social Work and Social Policy",AHSS,,,,,,,Social Studies,,,,,,,,,,,,,,,,Geography and Geoscience
11114154,Miah Dixon,AHS-SW,"AHSS, Social Work and Social Policy",AHSS,,,,,,,Social Studies,,,,,,,,,,,,,,,,Physical Sciences
11114155,Leslie Lawson,EMS-BI,"EMS, Biochemistry and Immunology",EMS,,Biological and Biomedical Sciences,Engineering,Computer Science ,,,,,,,,,,,,,,,,,,,Philosophy
11114156,Ada Burch,EMS-BI,"EMS, Biochemistry and Immunology",EMS,,Biological and Biomedical Sciences,Engineering,Computer Science ,,,,,,,,,,,,,,,,,,,"Philosophy, Political Sci, Economics and Sociology"
11114157,Benjamin Sanders,EMS-BI,"EMS, Biochemistry and Immunology",EMS,,Biological and Biomedical Sciences,Engineering,Computer Science ,,,,,,,,,,,,,,,,,,,Social Studies
11114158,Jayla Drake,EMS-BI,"EMS, Biochemistry and Immunology",EMS,,Biological and Biomedical Sciences,Engineering,Computer Science ,,,,,,,,,,,,,,,,,,,Computer Science
11114159,Kelvin Rosales,EMS-BI,"EMS, Biochemistry and Immunology",EMS,,Biological and Biomedical Sciences,Engineering,Computer Science ,,,,,,,,,,,,,,,,,,,Engineering
11114160,Grayson Thomas,EMS-BI,"EMS, Biochemistry and Immunology",EMS,,Biological and Biomedical Sciences,Engineering,Computer Science ,,,,,,,,,,,,,,,,,,,Engineering with Management
11114161,Chance Graham,EMS-BI,"EMS, Biochemistry and Immunology",EMS,,Biological and Biomedical Sciences,Engineering,Computer Science ,,,,,,,,,,,,,,,,,,,Environmental Science and Engineering
11114162,Brennen Dyer,EMS-BI,"EMS, Biochemistry and Immunology",EMS,,Biological and Biomedical Sciences,Engineering,Computer Science ,,,,,,,,,,,,,,,,,,,
11114163,Ramiro Blankenship,EMS-BI,"EMS, Biochemistry and Immunology",EMS,,Biological and Biomedical Sciences,Engineering,Computer Science ,,,,,,,,,,,,,,,,,,,
11114050,Annika Nicholson,EMS-CH,"EMS, Chemistry",EMS,,Chemical Sciences,Pharmacy,,,,,,,,,,,,,,,,,,,,
11114164,Reginald Santos,EMS-CH,"EMS, Chemistry",EMS,,Chemical Sciences,Pharmacy,,,,,,,,,,,,,,,,,,,,
11114025,Lia Kirk,EMS-CS,"EMS, Computer Science and Statistics",EMS,,Computer Science ,Computer Science and Business,,,,,,,,,,,,,,,,,,,,
11114026,Arthur Lang,EMS-CS,"EMS, Computer Science and Statistics",EMS,,Computer Science ,Computer Science and Business,,,,,,,,,,,,,,,,,,,,
11114059,Christian Bond,EMS-CS,"EMS, Computer Science and Statistics",EMS,,Computer Science ,Computer Science and Business,,,,,,,,,,,,,,,,,,,,
11114060,Itzel Garner,EMS-CS,"EMS, Computer Science and Statistics",EMS,,Computer Science ,Computer Science and Business,,,,,,,,,,,,,,,,,,,,
11114165,Adrienne Everett,EMS-CS,"EMS, Computer Science and Statistics",EMS,,Computer Science ,Computer Science and Business,,,,,,,,,,,,,,,,,,,,
11114166,Jabari Clarke,EMS-CS,"EMS, Computer Science and Statistics",EMS,,Computer Science ,Computer Science and Business,,,,,,,,,,,,,,,,,,,,
11114167,Alfred Herrera,EMS-CS,"EMS, Computer Science and Statistics",EMS,,Computer Science ,Computer Science and Business,,,,,,,,,,,,,,,,,,,,
11114168,Nevaeh Serrano,EMS-CS,"EMS, Computer Science and Statistics",EMS,,Computer Science ,Computer Science and Business,,,,,,,,,,,,,,,,,,,,
11114169,Raegan Erickson,EMS-CS,"EMS, Computer Science and Statistics",EMS,,Computer Science ,Computer Science and Business,,,,,,,,,,,,,,,,,,,,
11114170,Madden Torres,EMS-CS,"EMS, Computer Science and Statistics",EMS,,Computer Science ,Computer Science and Business,,,,,,,,,,,,,,,,,,,,
11114027,Zack Carey,EMS-EG,"EMS, Engineering",EMS,,Engineering,Engineering with Management,Management Science and Information Systems Studies,,,,,,,,,,,,,,,,,,,
11114028,Jabari Lee,EMS-EG,"EMS, Engineering",EMS,,Engineering,Engineering with Management,Management Science and Information Systems Studies,,,,,,,,,,,,,,,,,,,
11114029,Owen Mcfarland,EMS-EG,"EMS, Engineering",EMS,,Engineering,Engineering with Management,Management Science and Information Systems Studies,,,,,,,,,,,,,,,,,,,
11114171,Elle Bryan,EMS-EG,"EMS, Engineering",EMS,,Engineering,Engineering with Management,Management Science and Information Systems Studies,,,,,,,,,,,,,,,,,,,
11114172,Mekhi Clarke,EMS-EG,"EMS, Engineering",EMS,,Engineering,Engineering with Management,Management Science and Information Systems Studies,,,,,,,,,,,,,,,,,,,
11114173,Duncan Walters,EMS-EG,"EMS, Engineering",EMS,,Engineering,Engineering with Management,Management Science and Information Systems Studies,,,,,,,,,,,,,,,,,,,
11114174,Dominik Jacobson,EMS-EG,"EMS, Engineering",EMS,,Engineering,Engineering with Management,Computer Science ,,,,,,,,,,,,,,,,,,,
11114175,Marie Romero,EMS-EG,"EMS, Engineering",EMS,,Engineering,Engineering with Management,Computer Science ,,,,,,,,,,,,,,,,,,,
11114176,Iliana Jones,EMS-EG,"EMS, Engineering",EMS,,Engineering,Engineering with Management,Computer Science ,,,,,,,,,,,,,,,,,,,
11114177,Niko Hudson,EMS-EG,"EMS, Engineering",EMS,,Engineering,Engineering with Management,Computer Science ,,,,,,,,,,,,,,,,,,,
11114178,Mariela Mooney,EMS-EG,"EMS, Engineering",EMS,,Engineering,Engineering with Management,Computer Science ,,,,,,,,,,,,,,,,,,,
11114179,Jazmin Davis,EMS-EG,"EMS, Engineering",EMS,,Engineering,Engineering with Management,Computer Science ,,,,,,,,,,,,,,,,,,,
11114180,Londyn Ponce,EMS-EG,"EMS, Engineering",EMS,,Engineering,Engineering with Management,Computer Science ,,,,,,,,,,,,,,,,,,,
11114181,Layne Ellison,EMS-EG,"EMS, Engineering",EMS,,Engineering,Engineering with Management,Computer Science ,,,,,,,,,,,,,,,,,,,
11114182,Augustus Martinez,EMS-EG,"EMS, Engineering",EMS,,Engineering,Engineering with Management,Computer Science ,,,,,,,,,,,,,,,,,,,
11114183,Jacey Moore,EMS-EG,"EMS, Engineering",EMS,,Engineering,Engineering with Management,Computer Science ,,,,,,,,,,,,,,,,,,,
11114184,Byron Bonilla,EMS-EG,"EMS, Engineering",EMS,,Engineering,Engineering with Management,Computer Science ,,,,,,,,,,,,,,,,,,,
11114185,Jocelyn Lester,EMS-EG,"EMS, Engineering",EMS,,Engineering,Engineering with Management,Environmental Science and Engineering,,,,,,,,,,,,,,,,,,,
11114186,Dorian Mccormick,EMS-EG,"EMS, Engineering",EMS,,Engineering,Engineering with Management,Environmental Science and Engineering,,,,,,,,,,,,,,,,,,,
11114187,Marcos Mcgrath,EMS-EG,"EMS, Engineering",EMS,,Engineering,Engineering with Management,Environmental Science and Engineering,,,,,,,,,,,,,,,,,,,
11114188,Kimora Doyle,EMS-EG,"EMS, Engineering",EMS,,Engineering,Engineering with Management,Environmental Science and Engineering,,,,,,,,,,,,,,,,,,,
11114189,Maritza Baker,EMS-EG,"EMS, Engineering",EMS,,Engineering,Engineering with Management,Environmental Science and Engineering,,,,,,,,,,,,,,,,,,,
11114190,Saniya Mcbride,EMS-EG,"EMS, Engineering",EMS,,Engineering,Engineering with Management,Environmental Science and Engineering,,,,,,,,,,,,,,,,,,,
11114030,Damon Miller,EMS-GM,"EMS, Genetics and Microbiology",EMS,,Biological and Biomedical Sciences,Chemical Sciences,Physical Sciences,Environmental Science and Engineering,,,,,,,,,,,,,,,,,,
11114031,Marques Foster,EMS-GM,"EMS, Genetics and Microbiology",EMS,,Biological and Biomedical Sciences,Chemical Sciences,Physical Sciences,Environmental Science and Engineering,,,,,,,,,,,,,,,,,,
11114032,Addyson Whitney,EMS-GM,"EMS, Genetics and Microbiology",EMS,,Biological and Biomedical Sciences,Chemical Sciences,Physical Sciences,Environmental Science and Engineering,,,,,,,,,,,,,,,,,,
11114191,Aurora Olson,EMS-GM,"EMS, Genetics and Microbiology",EMS,,Biological and Biomedical Sciences,Chemical Sciences,Physical Sciences,Environmental Science and Engineering,,,,,,,,,,,,,,,,,,
11114192,Zachery Fuentes,EMS-GM,"EMS, Genetics and Microbiology",EMS,,Biological and Biomedical Sciences,Chemical Sciences,Physical Sciences,Environmental Science and Engineering,,,,,,,,,,,,,,,,,,
11114193,Elaina Burch,EMS-GM,"EMS, Genetics and Microbiology",EMS,,Biological and Biomedical Sciences,Chemical Sciences,Physical Sciences,Environmental Science and Engineering,,,,,,,,,,,,,,,,,,
11114194,Adriana Galvan,EMS-MA,"EMS, Mathematics",EMS,,Mathematics,Theoretical Physics,Physical Sciences,Computer Science,,,,,,,,,,,,,,,,,,
11114195,Britney Maddox,EMS-MA,"EMS, Mathematics",EMS,,Mathematics,Theoretical Physics,Physical Sciences,Computer Science,,,,,,,,,,,,,,,,,,
11114196,Koen Whitehead,EMS-MA,"EMS, Mathematics",EMS,,Mathematics,Theoretical Physics,Physical Sciences,Computer Science,,,,,,,,,,,,,,,,,,
11114197,Zachary Austin,EMS-MA,"EMS, Mathematics",EMS,,Mathematics,Theoretical Physics,Physical Sciences,Computer Science,,,,,,,,,,,,,,,,,,
11114198,Caleb Galvan,EMS-MA,"EMS, Mathematics",EMS,,Mathematics,Theoretical Physics,Physical Sciences,Computer Science,,,,,,,,,,,,,,,,,,
11114033,Jaslene Miranda,EMS-NS,"EMS, Natural Sciences",EMS,,Biological and Biomedical Sciences,Physical Sciences,Chemical Sciences,,,,,,,,,,,,,,,,,,,
11114061,Pierre Hart,EMS-NS,"EMS, Natural Sciences",EMS,,Biological and Biomedical Sciences,Physical Sciences,Chemical Sciences,,,,,,,,,,,,,,,,,,,
11114199,Aliza Berger,EMS-NS,"EMS, Natural Sciences",EMS,,Biological and Biomedical Sciences,Physical Sciences,Chemical Sciences,,,,,,,,,,,,,,,,,,,
11114200,Adan Moran,EMS-NS,"EMS, Natural Sciences",EMS,,Biological and Biomedical Sciences,Physical Sciences,Chemical Sciences,,,,,,,,,,,,,,,,,,,
11114201,Ainsley Riddle,EMS-NS,"EMS, Natural Sciences",EMS,,Biological and Biomedical Sciences,Physical Sciences,Chemical Sciences,,,,,,,,,,,,,,,,,,,
11114202,Shiloh Key,EMS-NS,"EMS, Natural Sciences",EMS,,Biological and Biomedical Sciences,Physical Sciences,Chemical Sciences,,,,,,,,,,,,,,,,,,,
11114203,Erick Fischer,EMS-NS,"EMS, Natural Sciences",EMS,,Biological and Biomedical Sciences,Physical Sciences,Chemical Sciences,,,,,,,,,,,,,,,,,,,
11114204,Teagan Ramsey,EMS-NS,"EMS, Natural Sciences",EMS,,Biological and Biomedical Sciences,Physical Sciences,Chemical Sciences,,,,,,,,,,,,,,,,,,,
11114205,Mina Reeves,EMS-NS,"EMS, Natural Sciences",EMS,,Biological and Biomedical Sciences,Physical Sciences,Chemical Sciences,,,,,,,,,,,,,,,,,,,
11114206,Salma Peterson,EMS-NS,"EMS, Natural Sciences",EMS,,Biological and Biomedical Sciences,Physical Sciences,Chemical Sciences,,,,,,,,,,,,,,,,,,,
11114207,Saul Crawford,EMS-NS,"EMS, Natural Sciences",EMS,,Biological and Biomedical Sciences,Physical Sciences,Chemical Sciences,,,,,,,,,,,,,,,,,,,
11114208,Naima Adkins,EMS-NS,"EMS, Natural Sciences",EMS,,Biological and Biomedical Sciences,Physical Sciences,Chemical Sciences,,,,,,,,,,,,,,,,,,,
11114209,Raina Gray,EMS-NS,"EMS, Natural Sciences",EMS,,Biological and Biomedical Sciences,Physical Sciences,Chemical Sciences,,,,,,,,,,,,,,,,,,,
11114214,Adyson Conner,EMS-NS,"EMS, Natural Sciences",EMS,,Biological and Biomedical Sciences,Physical Sciences,Chemical Sciences,,,,,,,,,,,,,,,,,,,
11114211,Xander Pham,EMS-NS,"EMS, Natural Sciences",EMS,,Biological and Biomedical Sciences,Physical Sciences,Chemical Sciences,,,,,,,,,,,,,,,,,,,
11114212,Lia Graves,EMS-PY,"EMS, Physics",EMS,,Chemical Sciences,Theoretical Physics,Physical Sciences,,,,,,,,,,,,,,,,,,,
11114213,Ari Fry,EMS-PY,"EMS, Physics",EMS,,Chemical Sciences,Theoretical Physics,Physical Sciences,,,,,,,,,,,,,,,,,,,
11114214,Dayami Cameron,EMS-PY,"EMS, Physics",EMS,,Chemical Sciences,Theoretical Physics,Physical Sciences,,,,,,,,,,,,,,,,,,,
11114215,Lane Floyd,EMS-PY,"EMS, Physics",EMS,,Chemical Sciences,Theoretical Physics,Physical Sciences,,,,,,,,,,,,,,,,,,,
11114216,Edward Love,EMS-PY,"EMS, Physics",EMS,,Chemical Sciences,Theoretical Physics,Physical Sciences,,,,,,,,,,,,,,,,,,,
11114217,Jaylah Huang,EMS-PY,"EMS, Physics",EMS,,Chemical Sciences,Theoretical Physics,Physical Sciences,,,,,,,,,,,,,,,,,,,
11114034,Bradyn Castaneda,HSC-DE,"HS, Dental Science",EMS,EMS,Pharmacy,Medicine,,,,,,,,,,,,,,,,,,,,
11114218,Jazlynn Bender,HSC-DE,"HS, Dental Science",EMS,EMS,Pharmacy,Medicine,,,,,,,,,,,,,,,,,,,,
11114219,Neil Young,HSC-DE,"HS, Dental Science",EMS,EMS,Pharmacy,Medicine,,,,,,,,,,,,,,,,,,,,
11114220,Katherine Serrano,HSC-DE,"HS, Dental Science",EMS,EMS,Pharmacy,Medicine,,,,,,,,,,,,,,,,,,,,
11114221,Timothy Deleon,HSC-DE,"HS, Dental Science",EMS,EMS,Pharmacy,Medicine,,,,,,,,,,,,,,,,,,,,
11114222,Dawson Knight,HSC-DE,"HS, Dental Science",EMS,EMS,Pharmacy,Medicine,,,,,,,,,,,,,,,,,,,,
11114035,Corinne Osborn,HSC-MD,"HS, Medicine",HS,EMS,Medicine,Human Health and Disease,Biological and Biomedical Sciences,,,,,,,,,,,,,,,,,,,
11114036,Cullen Ho,HSC-MD,"HS, Medicine",HS,EMS,Medicine,Human Health and Disease,Biological and Biomedical Sciences,,,,,,,,,,,,,,,,,,,
11114037,Callie Bernard,HSC-MD,"HS, Medicine",HS,EMS,Medicine,Human Health and Disease,Biological and Biomedical Sciences,,,,,,,,,,,,,,,,,,,
11114038,Areli Skinner,HSC-MD,"HS, Medicine",HS,EMS,Medicine,Human Health and Disease,Biological and Biomedical Sciences,,,,,,,,,,,,,,,,,,,
11114039,Kiana Hendrix,HSC-MD,"HS, Medicine",HS,EMS,Medicine,Human Health and Disease,Biological and Biomedical Sciences,,,,,,,,,,,,,,,,,,,
11114040,Dayami Garner,HSC-MD,"HS, Medicine",HS,EMS,Medicine,Human Health and Disease,Biological and Biomedical Sciences,,,,,,,,,,,,,,,,,,,
11114041,Gilbert Schneider,HSC-MD,"HS, Medicine",HS,EMS,Medicine,Human Health and Disease,Biological and Biomedical Sciences,,,,,,,,,,,,,,,,,,,
11114042,Zion Keith,HSC-MD,"HS, Medicine",HS,EMS,Medicine,Human Health and Disease,Biological and Biomedical Sciences,,,,,,,,,,,,,,,,,,,
11114062,Conner Murray,HSC-MD,"HS, Medicine",HS,EMS,Medicine,Human Health and Disease,Biological and Biomedical Sciences,,,,,,,,,,,,,,,,,,,
11114223,Albert Short,HSC-MD,"HS, Medicine",HS,EMS,Medicine,Human Health and Disease,Biological and Biomedical Sciences,,,,,,,,,,,,,,,,,,,
11114224,Lucy Kemp,HSC-MD,"HS, Medicine",HS,EMS,Medicine,Human Health and Disease,Biological and Biomedical Sciences,,,,,,,,,,,,,,,,,,,
11114225,Akira Watkins,HSC-MD,"HS, Medicine",HS,EMS,Medicine,Human Health and Disease,Biological and Biomedical Sciences,,,,,,,,,,,,,,,,,,,
11114226,Emanuel Mcguire,HSC-MD,"HS, Medicine",HS,EMS,Medicine,Human Health and Disease,Biological and Biomedical Sciences,,,,,,,,,,,,,,,,,,,
11114227,Xavier Krause,HSC-MD,"HS, Medicine",HS,EMS,Medicine,Human Health and Disease,Biological and Biomedical Sciences,,,,,,,,,,,,,,,,,,,
11114228,Theresa Archer,HSC-MD,"HS, Medicine",HS,EMS,Medicine,Human Health and Disease,Biological and Biomedical Sciences,,,,,,,,,,,,,,,,,,,
11114229,Amaris Marks,HSC-MD,"HS, Medicine",HS,EMS,Medicine,Human Health and Disease,Biological and Biomedical Sciences,,,,,,,,,,,,,,,,,,,
11114230,Angelina Sullivan,HSC-MD,"HS, Medicine",HS,EMS,Medicine,Human Health and Disease,Biological and Biomedical Sciences,,,,,,,,,,,,,,,,,,,
11114231,Maverick Knight,HSC-MD,"HS, Medicine",HS,EMS,Medicine,Human Health and Disease,Biological and Biomedical Sciences,,,,,,,,,,,,,,,,,,,
11114232,Leila Bender,HSC-MD,"HS, Medicine",HS,EMS,Medicine,Human Health and Disease,Biological and Biomedical Sciences,,,,,,,,,,,,,,,,,,,
11114233,Landyn Collier,HSC-MD,"HS, Medicine",HS,EMS,Medicine,Human Health and Disease,Biological and Biomedical Sciences,,,,,,,,,,,,,,,,,,,
11114234,Kamren Ashley,HSC-MD,"HS, Medicine",HS,EMS,Medicine,Human Health and Disease,Biological and Biomedical Sciences,,,,,,,,,,,,,,,,,,,
11114235,Finley Simon,HSC-MD,"HS, Medicine",HS,EMS,Medicine,Human Health and Disease,Biological and Biomedical Sciences,,,,,,,,,,,,,,,,,,,
11114236,Amaris Berry,HSC-MD,"HS, Medicine",HS,EMS,Medicine,Human Health and Disease,Biological and Biomedical Sciences,,,,,,,,,,,,,,,,,,,
11114237,Kayden Mclaughlin,HSC-MD,"HS, Medicine",HS,EMS,Medicine,Human Health and Disease,Biological and Biomedical Sciences,,,,,,,,,,,,,,,,,,,
11114238,Alejandro Waller,HSC-MD,"HS, Medicine",HS,EMS,Medicine,Human Health and Disease,Biological and Biomedical Sciences,,,,,,,,,,,,,,,,,,,
11114239,Angie Smith,HSC-MD,"HS, Medicine",HS,EMS,Medicine,Human Health and Disease,Biological and Biomedical Sciences,,,,,,,,,,,,,,,,,,,
11114240,Zack Patrick,HSC-MD,"HS, Medicine",HS,EMS,Medicine,Human Health and Disease,Biological and Biomedical Sciences,,,,,,,,,,,,,,,,,,,
11114241,Tia Deleon,HSC-MD,"HS, Medicine",HS,EMS,Medicine,Human Health and Disease,Biological and Biomedical Sciences,,,,,,,,,,,,,,,,,,,
11114242,Nathan Molina,HSC-MD,"HS, Medicine",HS,EMS,Medicine,Human Health and Disease,Biological and Biomedical Sciences,,,,,,,,,,,,,,,,,,,
11114243,Ansley Petersen,HSC-MD,"HS, Medicine",HS,EMS,Medicine,Human Health and Disease,Biological and Biomedical Sciences,,,,,,,,,,,,,,,,,,,
11114244,Leonel Wyatt,HSC-MD,"HS, Medicine",HS,EMS,Medicine,Human Health and Disease,Biological and Biomedical Sciences,,,,,,,,,,,,,,,,,,,
11114245,Frank Heath,HSC-MD,"HS, Medicine",HS,EMS,Medicine,Human Health and Disease,Biological and Biomedical Sciences,,,,,,,,,,,,,,,,,,,
11114246,Tristin Hughes,HSC-MD,"HS, Medicine",HS,EMS,Medicine,Human Health and Disease,Biological and Biomedical Sciences,,,,,,,,,,,,,,,,,,,
11114247,Alyssa Lynch,HSC-MD,"HS, Medicine",HS,,Medicine,Human Health and Disease,Biological and Biomedical Sciences,,,,,,,,,,,,,,,,,,,
11114248,Hope Potts,HSC-MD,"HS, Medicine",HS,,Occupational Therapy,Radiation Therapy,Medicine,,,Physiotherapy,,,,,,,,,,,,,,,,
11114249,Presley Beltran,HSC-MD,"HS, Medicine",HS,,Occupational Therapy,Radiation Therapy,Medicine,,,Physiotherapy,,,,,,,,,,,,,,,,
11114250,Sidney Jordan,HSC-MD,"HS, Medicine",HS,,Occupational Therapy,Radiation Therapy,Medicine,,,Physiotherapy,,,,,,,,,,,,,,,,
11114251,Louis Soto,HSC-MD,"HS, Medicine",HS,,Occupational Therapy,Radiation Therapy,Medicine,,,Physiotherapy,,,,,,,,,,,,,,,,
11114252,Hana Khan,HSC-MD,"HS, Medicine",HS,,Occupational Therapy,Radiation Therapy,Medicine,,,Physiotherapy,,,,,,,,,,,,,,,,
11114253,Iris Morris,HSC-MD,"HS, Medicine",HS,,Occupational Therapy,Radiation Therapy,Medicine,,,Physiotherapy,,,,,,,,,,,,,,,,
11114254,Makaila Terrell,HSC-MD,"HS, Medicine",HS,,Radiation Therapy,Physiotherapy,Medicine,,,Occupational Therapy,,,,,,,,,,,,,,,,
11114255,Tanner Black,HSC-MD,"HS, Medicine",HS,,Radiation Therapy,Physiotherapy,Medicine,,,Occupational Therapy,,,,,,,,,,,,,,,,
11114256,Brennen Colon,HSC-MD,"HS, Medicine",HS,,Radiation Therapy,Physiotherapy,Medicine,,,Occupational Therapy,,,,,,,,,,,,,,,,
11114257,Lena Archer,HSC-MD,"HS, Medicine",HS,,Radiation Therapy,Physiotherapy,Medicine,,,Occupational Therapy,,,,,,,,,,,,,,,,
11114258,Meadow Scott,HSC-MD,"HS, Medicine",HS,,Radiation Therapy,Physiotherapy,Medicine,,,Occupational Therapy,,,,,,,,,,,,,,,,
11114259,Karsyn Hill,HSC-MD,"HS, Medicine",HS,,Radiation Therapy,Physiotherapy,Medicine,,,Occupational Therapy,,,,,,,,,,,,,,,,
11114260,Teresa Juarez,HSC-MD,"HS, Medicine",HS,,Radiation Therapy,Physiotherapy,Medicine,,,Occupational Therapy,,,,,,,,,,,,,,,,
11114261,Addison Madden,HSC-MD,"HS, Medicine",HS,,Occupational Therapy,Physiotherapy,Medicine,,,Radiation Therapy,,,,,,,,,,,,,,,,
11114262,Layla Macdonald,HSC-MD,"HS, Medicine",HS,,Occupational Therapy,Physiotherapy,Medicine,,,Radiation Therapy,,,,,,,,,,,,,,,,
11114263,Ryan Valdez,HSC-MD,"HS, Medicine",HS,,Occupational Therapy,Physiotherapy,Medicine,,,Radiation Therapy,,,,,,,,,,,,,,,,
11114264,Orion Buchanan,HSC-MD,"HS, Medicine",HS,,Occupational Therapy,Physiotherapy,Medicine,,,Radiation Therapy,,,,,,,,,,,,,,,,
11114265,Yareli Soto,HSC-MD,"HS, Medicine",HS,,Occupational Therapy,Physiotherapy,Medicine,,,Radiation Therapy,,,,,,,,,,,,,,,,
11114266,Natalee Villanueva,HSC-MD,"HS, Medicine",HS,,Occupational Therapy,Physiotherapy,Medicine,,,Radiation Therapy,,,,,,,,,,,,,,,,
11114267,Leanna Estrada,HSC-MD,"HS, Medicine",HS,AHSS,"Philosophy, Political Sci, Economics and Sociology",Economics and Mathematics,Economics and History,,,Medicine ,,,,,,,,,,,,,,,,
11114268,Reilly Combs,HSC-MD,"HS, Medicine",HS,,Medicine,,,,,,,,,,,,,,,,,,,,,
11114269,Ace Mullins,HSC-MD,"HS, Medicine",HS,,Medicine,,,,,,,,,,,,,,,,,,,,,
11114270,Bethany Valentine,HSC-MD,"HS, Medicine",HS,,Medicine,,,,,,,,,,,,,,,,,,,,,
11114271,Stanley Walls,HSC-MD,"HS, Medicine",HS,,Medicine,,,,,,,,,,,,,,,,,,,,,
11114272,Jonathan Thomas,HSC-MD,"HS, Medicine",HS,,Medicine,,,,,,,,,,,,,,,,,,,,,
11114273,Cannon Giles,HSC-MD,"HS, Medicine",HS,,Medicine,,,,,,,,,,,,,,,,,,,,,
11114274,Mohamed Warner,HSC-MD,"HS, Medicine",HS,,Medicine,,,,,,,,,,,,,,,,,,,,,
11114275,Abdiel Shepard,HSC-MD,"HS, Medicine",HS,,Medicine,,,,,,,,,,,,,,,,,,,,,
11114043,Elsa Golden,HSC-NM,"HS, Nursing and Midwifery",HS,,Midwifery,Children's and General Nursing,Nursing,,,,,,,,,,,,,,,,,,,
11114044,Kennedy Boyd,HSC-NM,"HS, Nursing and Midwifery",HS,,Midwifery,Children's and General Nursing,Nursing,,,,,,,,,,,,,,,,,,,
11114045,Anastasia Gentry,HSC-NM,"HS, Nursing and Midwifery",HS,,Children's and General Nursing,Midwifery,Nursing,,,,,,,,,,,,,,,,,,,
11114046,Annika Costa,HSC-NM,"HS, Nursing and Midwifery",HS,,Children's and General Nursing,Midwifery,Nursing,,,,,,,,,,,,,,,,,,,
11114047,Talia Schaefer,HSC-NM,"HS, Nursing and Midwifery",HS,,Nursing,Children's and General Nursing,Midwifery,,,,,,,,,,,,,,,,,,,
11114063,Maxim Burns,HSC-NM,"HS, Nursing and Midwifery",HS,,Nursing,Children's and General Nursing,Midwifery,,,,,,,,,,,,,,,,,,,
11114276,Olivia Glover,HSC-NM,"HS, Nursing and Midwifery",HS,,Nursing,Children's and General Nursing,Midwifery,,,,,,,,,,,,,,,,,,,
11114277,Gretchen Ray,HSC-NM,"HS, Nursing and Midwifery",HS,,Nursing,Children's and General Nursing,Midwifery,,,,,,,,,,,,,,,,,,,
11114278,Paul Hill,HSC-NM,"HS, Nursing and Midwifery",HS,,Nursing,Children's and General Nursing,Midwifery,,,,,,,,,,,,,,,,,,,
11114279,Kendall Meyers,HSC-NM,"HS, Nursing and Midwifery",HS,,Nursing,Children's and General Nursing,Midwifery,,,,,,,,,,,,,,,,,,,
11114280,Cannon Ellison,HSC-NM,"HS, Nursing and Midwifery",HS,,Nursing,Children's and General Nursing,Midwifery,,,,,,,,,,,,,,,,,,,
11114281,Mikaela Joseph,HSC-NM,"HS, Nursing and Midwifery",HS,,Nursing,Children's and General Nursing,Midwifery,,,,,,,,,,,,,,,,,,,
11114282,Willow Casey,HSC-NM,"HS, Nursing and Midwifery",HS,,Nursing,Children's and General Nursing,Midwifery,,,,,,,,,,,,,,,,,,,
11114283,Mckayla Mckenzie,HSC-NM,"HS, Nursing and Midwifery",HS,,Nursing,Children's and General Nursing,Midwifery,,,,,,,,,,,,,,,,,,,
11114284,Jaida Goodwin,HSC-NM,"HS, Nursing and Midwifery",HS,,Nursing,Children's and General Nursing,Midwifery,,,,,,,,,,,,,,,,,,,
11114285,Riley Frey,HSC-NM,"HS, Nursing and Midwifery",HS,,Nursing,Children's and General Nursing,Midwifery,,,,,,,,,,,,,,,,,,,
11114051,Khalil Morales,HSC-PH,"HS, Pharmacy and Pharmaceutical Sciences",HS,EMS,Dental Science,Dental Technology,Medicine,,,,,,,,,,,,,,,,,,,
11114286,Gage Sanchez,HSC-PH,"HS, Pharmacy and Pharmaceutical Sciences",HS,EMS,Dental Science,Dental Technology,Medicine,,,,,,,,,,,,,,,,,,,
11114287,Joaquin Hodges,HSC-PH,"HS, Pharmacy and Pharmaceutical Sciences",HS,EMS,Dental Science,Dental Technology,Medicine,,,,,,,,,,,,,,,,,,,
11114288,Eddie Curtis,HSC-PH,"HS, Pharmacy and Pharmaceutical Sciences",HS,EMS,Dental Science,Dental Technology,Medicine,,,,,,,,,,,,,,,,,,,
11114289,Phoenix Hinton,HSC-PH,"HS, Pharmacy and Pharmaceutical Sciences",HS,EMS,Dental Science,Dental Technology,Medicine,,,,,,,,,,,,,,,,,,,
11114290,Noelle Mercer,HSC-PH,"HS, Pharmacy and Pharmaceutical Sciences",HS,EMS,Dental Science,Dental Technology,Medicine,,,,,,,,,,,,,,,,,,,
11114291,Sherlyn Hardy,HSC-PH,"HS, Pharmacy and Pharmaceutical Sciences",HS,EMS,Dental Science,Dental Technology,Medicine,,,,,,,,,,,,,,,,,,,
11114292,Laylah Goodwin,HSC-PH,"HS, Pharmacy and Pharmaceutical Sciences",HS,EMS,Dental Science,Dental Technology,Medicine,,,,,,,,,,,,,,,,,,,
11114293,Adyson Schneider,HSC-PH,"HS, Pharmacy and Pharmaceutical Sciences",HS,EMS,Dental Science,Dental Technology,Medicine,,,,,,,,,,,,,,,,,,,
11114294,Clay Huber,HSC-PH,"HS, Pharmacy and Pharmaceutical Sciences",HS,EMS,Dental Science,Dental Technology,Medicine,,,,,,,,,,,,,,,,,,,
11114048,Ahmad Mcintyre,HSC-PH,"HS, Pharmacy and Pharmaceutical Sciences",HS,EMS ,Dental Science,Dental Technology,Medicine,,,,,,,,,,,,,,,,,,,
